CHROM	POS	TYPE	IMPACT	GENE	CHANGEPEP	REF	DBVPG_3769	DBVPG_3771	DBVPG_3773	DBVPG_3770	DBVPG_3853	DBVPG_3772	DBVPG_3768
scaffold_10	626664	splice_donor_variant&intron_variant	HIGH	TRA1_1	NA	G	G/	G/	G/	A/	G/	A/	G/
scaffold_10	627612	frameshift_variant	HIGH	TRA1_1	Trp526fs	TG	*/	T/	T/	T/	T/	T/	T/
scaffold_10	627738	frameshift_variant	HIGH	TRA1_1	Leu568fs	C	C/	CG/	C/	C/	C/	C/	C/
scaffold_11	353758	frameshift_variant&stop_gained	HIGH	OM447_003363	Tyr390fs	G	G/	G/	GT/	GT/	G/	G/	G/
scaffold_12	1856	frameshift_variant	HIGH	OM447_003434	Leu100fs	C	CATTG/	CAT/	CATTG/	C/	CATTG/	CAT/	CAT/
scaffold_12	1857	frameshift_variant	HIGH	OM447_003434	Arg101fs	TGAGGCCC	TGAGGCCC/	T/	TGAGGCCC/	TGAGGCCC/	TGAGGCCC/	T/	T/
scaffold_12	1971	frameshift_variant&splice_region_variant	HIGH	OM447_003434	Leu128fs	CCT	CCT/	CCT/	CCT/	C/	CCT/	C/	C/
scaffold_12	1974	frameshift_variant	HIGH	OM447_003434	Leu128fs	T	T/	T/	T/	TCC/	T/	TCC/	TCC/
scaffold_12	3420	frameshift_variant&stop_lost&splice_region_variant	HIGH	OM447_003436	Ter181fs	CTT	C/	CTT/	CTT/	CTT/	C/	C/	CTT/
scaffold_12	3470	frameshift_variant	HIGH	OM447_003436	Arg164fs	CCGCG	C/	CCGCG/	CCGCG/	CCGCG/	C/	C/	CCGCG/
scaffold_12	3475	frameshift_variant	HIGH	OM447_003436	Arg164fs	C	CTTCT/	C/	C/	C/	CTTCT/	CTTCT/	C/
scaffold_12	3489	frameshift_variant	HIGH	OM447_003436	Pro159fs	G	G/	G/	G/	G/	G/	GC/	G/
scaffold_12	3494	frameshift_variant	HIGH	OM447_003436	Met157fs	A	A/	A/	A/	A/	A/	AC/	A/
scaffold_12	3541	frameshift_variant	HIGH	OM447_003436	Glu142fs	G	G/	G/	G/	G/	G/	GA/	G/
scaffold_12	3666	frameshift_variant	HIGH	OM447_003436	Ser129fs	A	AT/	AT/	A/	AT/	AT/	AT/	AT/
scaffold_12	3898	frameshift_variant	HIGH	OM447_003436	Tyr75fs	GT	G/	GT/	GT/	G/	GT/	G/	G/
scaffold_12	3904	frameshift_variant	HIGH	OM447_003436	Arg74fs	G	GAA/	G/	G/	GAA/	G/	GAA/	GAA/
scaffold_12	3949	frameshift_variant	HIGH	OM447_003436	Ala58fs	TGC	TGC/	TGC/	TGC/	TGC/	TGC/	T/	TGC/
scaffold_12	563413	frameshift_variant	HIGH	OM447_003624	Thr239fs	C	C/	CGG/	C/	CGG/	C/	CGG/	C/
scaffold_12	563415	frameshift_variant	HIGH	OM447_003624	Thr239fs	ACT	ACT/	A/	ACT/	A/	ACT/	A/	ACT/
scaffold_13	11225	frameshift_variant	HIGH	TRM5_1	His310fs	G	GGC/	G/	G/	GGC/	G/	GGC/	G/
scaffold_13	18032	frameshift_variant&splice_region_variant	HIGH	MCD1_1	Ala647fs	GC	G/	GC/	GC/	GC/	GC/	GC/	GC/
scaffold_13	23479	frameshift_variant	HIGH	STE24_1	Leu219fs	TC	T/	TC/	T/	T/	T/	T/	T/
scaffold_13	25781	frameshift_variant	HIGH	STE24_1	Ser593fs	TC	T/	T/	TC/	T/	T/	T/	T/
scaffold_13	28080	frameshift_variant	HIGH	OM447_003635	Asn278fs	GCGAACTGGTT	GCGAACTGGTT/	G/	G/	G/	GCGAACTGGTT/	GCGAACTGGTT/	GCGAACTGGTT/
scaffold_13	28081	frameshift_variant	HIGH	OM447_003635	Ala281fs	C	C/	*/	*/	*/	C/	CG/	CG/
scaffold_13	28083	frameshift_variant	HIGH	OM447_003635	Phe280fs	A	A/	*/	*/	*/	A/	AGC/	AGC/
scaffold_13	28085	frameshift_variant	HIGH	OM447_003635	Gln279fs	CT	CT/	*/	*/	*/	CT/	C/	CT/
scaffold_13	28097	frameshift_variant	HIGH	OM447_003635	Ala276fs	AG	AG/	ACGG/	ACGG/	ACGG/	AG/	A/	A/
scaffold_13	28108	frameshift_variant	HIGH	OM447_003635	Lys272fs	T	T/	T/	T/	T/	T/	TGC/	TGC/
scaffold_13	28435	frameshift_variant	HIGH	OM447_003635	Gln195fs	CTG	C/	CTG/	CTG/	CTG/	CTG/	CTG/	CTG/
scaffold_13	31197	frameshift_variant	HIGH	PRE9_1	Thr61fs	C	CA/	C/	C/	C/	C/	CA/	CA/
scaffold_13	31213	frameshift_variant	HIGH	PRE9_1	Ala63fs	CT	C/	CT/	C/	CT/	CT/	C/	C/
scaffold_13	31273	frameshift_variant&splice_region_variant	HIGH	PRE9_1	His67fs	C	CA/	C/	CA/	CA/	C/	CA/	CA/
scaffold_13	33125	frameshift_variant	HIGH	PRE9_2	Gly201fs	AGCGCC	A/	AGCGCC/	A/	A/	AGCGCC/	A/	A/
scaffold_13	33131	frameshift_variant	HIGH	PRE9_2	Gly201fs	G	GAA/	G/	GAA/	GAA/	G/	GAA/	GAA/
scaffold_13	33140	frameshift_variant	HIGH	PRE9_2	Gly197fs	GC	G/	GC/	GC/	G/	GC/	G/	G/
scaffold_13	36004	frameshift_variant	HIGH	OM447_003638	His66fs	C	C/	C/	C/	CA/	CA/	CA/	CA/
scaffold_13	36941	frameshift_variant	HIGH	OM447_003638	Ala338fs	CGCG	C/	CAAGCG/	C/	C/	C/	C/	C/
scaffold_13	36944	frameshift_variant	HIGH	OM447_003638	Ala339fs	G	GAA/	G/	GAA/	GAA/	GAA/	GAA/	GAA/
scaffold_13	36950	frameshift_variant	HIGH	OM447_003638	Leu341fs	T	TC/	T/	TC/	TC/	TC/	TC/	TC/
scaffold_13	36952	frameshift_variant	HIGH	OM447_003638	Gly343fs	T	C/	T/	C/	C/	C/	C/	C/
scaffold_13	36979	frameshift_variant	HIGH	OM447_003638	Leu352fs	G	G/	G/	G/	G/	G/	GC/	G/
scaffold_13	36994	frameshift_variant	HIGH	OM447_003638	Ser356fs	C	C/	C/	C/	C/	CTA/	CTA/	CTA/
scaffold_13	37002	frameshift_variant	HIGH	OM447_003638	Ile358fs	A	A/	A/	A/	A/	AG/	AG/	AG/
scaffold_13	37010	frameshift_variant	HIGH	OM447_003638	Gly362fs	TC	T/	T/	./	TC/	T/	T/	T/
scaffold_13	37023	frameshift_variant	HIGH	OM447_003638	Phe365fs	T	TC/	TC/	./	T/	TC/	TC/	TC/
scaffold_13	40394	frameshift_variant	HIGH	STE24_2	Arg50fs	G	GA/	G/	G/	GA/	G/	GA/	G/
scaffold_13	53885	splice_acceptor_variant&intron_variant	HIGH	TRM5_2	NA	CT	C/	CT/	C/	C/	C/	C/	C/
scaffold_13	158492	frameshift_variant	HIGH	IME2	Leu124fs	CAG	CAG/	CAG/	CAG/	CAG/	CAG/	CAG/	C/
scaffold_13	487118	splice_acceptor_variant&intron_variant	HIGH	OM447_003791	NA	AG	AG/	A/	A/	A/	A/	A/	A/
scaffold_14	6109	frameshift_variant	HIGH	KAR4	Phe722fs	T	TC/	TC/	TC/	TC/	TC/	T/	TC/
scaffold_14	77960	frameshift_variant	HIGH	OM447_003834	Val161fs	T	T/	TC/	T/	T/	TC/	T/	T/
scaffold_14	79131	frameshift_variant	HIGH	OM447_003834	Glu362fs	G	G/	GAGGA/	GAGGA/	G/	GAGGA/	G/	G/
scaffold_14	230854	frameshift_variant	HIGH	PRP22_1	Phe1062fs	CT	C/	CT/	CT/	C/	CT/	CT/	C/
scaffold_14	537262	frameshift_variant	HIGH	OM447_003971	His251fs	TG	T/	TG/	TG/	T/	T/	T/	T/
scaffold_14	537265	frameshift_variant	HIGH	OM447_003971	Ala250fs	G	GT/	G/	G/	GT/	GT/	GT/	GT/
scaffold_14	537440	frameshift_variant	HIGH	OM447_003971	Phe195fs	GAA	G/	GAA/	G/	G/	GAA/	GAA/	GAA/
scaffold_14	537694	frameshift_variant	HIGH	OM447_003971	Ala129fs	C	CG/	CG/	C/	CG/	C/	CG/	C/
scaffold_14	537699	splice_acceptor_variant&splice_region_variant&intron_variant	HIGH	OM447_003971	NA	CTG	C/	C/	CTG/	C/	CTG/	C/	CTG/
scaffold_14	537934	frameshift_variant	HIGH	OM447_003971	Ala102fs	GCC	G/	GCC/	G/	GCC/	GCC/	G/	G/
scaffold_14	537941	frameshift_variant	HIGH	OM447_003971	Gly98fs	TCGTCC	T/	TCGTCC/	T/	TCGTCC/	TCGTCC/	T/	T/
scaffold_15	153093	frameshift_variant	HIGH	GLC3	Glu136fs	C	C/	CA/	C/	CA/	CA/	CA/	CA/
scaffold_15	369134	frameshift_variant	HIGH	OM447_004100	Trp265fs	CA	C/	CA/	C/	C/	CA/	C/	C/
scaffold_15	374069	frameshift_variant&stop_gained	HIGH	OM447_004102	Trp480fs	C	C/	C/	C/	C/	C/	C/	CCGTGT/
scaffold_16	45165	frameshift_variant	HIGH	OM447_004183	Tyr220fs	T	TA/	T/	T/	T/	T/	T/	T/
scaffold_16	45355	frameshift_variant	HIGH	OM447_004183	Ala182fs	G	G/	GCGTTGAGGGT/	G/	G/	G/	G/	G/
scaffold_16	45594	splice_donor_variant&intron_variant	HIGH	OM447_004183	NA	C	C/	C/	C/	A/	C/	C/	C/
scaffold_16	157606	frameshift_variant	HIGH	brr2_1	Leu1920fs	AG	AG/	A/	AG/	AG/	AG/	AG/	AG/
scaffold_16	157608	frameshift_variant	HIGH	brr2_1	Gln1919fs	CTG	CTG/	C/	CTG/	CTG/	CTG/	CTG/	CTG/
scaffold_16	158221	splice_donor_variant&intron_variant	HIGH	brr2_1	NA	A	A/	G/	A/	A/	A/	A/	A/
scaffold_16	158443	frameshift_variant	HIGH	brr2_1	Leu1688fs	AG	A/	A/	A/	AG/	A/	AG/	A/
scaffold_16	158447	frameshift_variant	HIGH	brr2_1	Thr1687fs	T	TG/	TG/	TG/	T/	TG/	T/	TG/
scaffold_16	158511	frameshift_variant	HIGH	brr2_1	Leu1666fs	C	C/	C/	CGT/	C/	CGT/	C/	CGT/
scaffold_16	158515	frameshift_variant	HIGH	brr2_1	Ala1664fs	GCC	GCC/	GCC/	G/	GCC/	G/	GCC/	G/
scaffold_16	158585	frameshift_variant	HIGH	brr2_1	Arg1641fs	GA	GA/	GA/	G/	GA/	G/	GA/	G/
scaffold_16	158587	frameshift_variant	HIGH	brr2_1	Ser1640fs	GA	GA/	GA/	G/	GA/	G/	GA/	G/
scaffold_16	158592	frameshift_variant	HIGH	brr2_1	Arg1641fs	T	T/	T/	TCC/	T/	TCC/	T/	TCC/
scaffold_16	159700	frameshift_variant	HIGH	brr2_1	Gly1269fs	C	C/	CCGTG/	CCGTG/	C/	CCGTG/	C/	C/
scaffold_16	159710	frameshift_variant	HIGH	brr2_1	Lys1265fs	CTT	CTT/	C/	C/	CTT/	C/	CTT/	CTT/
scaffold_16	159715	frameshift_variant	HIGH	brr2_1	Lys1265fs	TCC	TCC/	T/	T/	TCC/	T/	TCC/	TCC/
scaffold_16	159758	frameshift_variant	HIGH	brr2_1	Leu1249fs	GCA	GCA/	G/	G/	GCA/	G/	GCA/	GCA/
scaffold_16	159762	frameshift_variant	HIGH	brr2_1	Leu1250fs	A	A/	AGC/	AGC/	A/	AGC/	A/	A/
scaffold_16	161143	frameshift_variant	HIGH	brr2_1	Gln899fs	T	TGA/	TGA/	TGA/	T/	TGA/	T/	TGA/
scaffold_16	161146	frameshift_variant	HIGH	brr2_1	Gln899fs	CTT	C/	C/	C/	CTT/	C/	CTT/	C/
scaffold_16	161415	frameshift_variant	HIGH	brr2_1	Thr810fs	G	GCC/	GCC/	GCC/	G/	GCC/	G/	GCC/
scaffold_16	161416	frameshift_variant	HIGH	brr2_1	Pro808fs	G	GT/	GT/	GT/	G/	GT/	G/	GT/
scaffold_16	161421	frameshift_variant	HIGH	brr2_1	Asp807fs	G	G/	GTCCGA/	GTCCGA/	G/	GTCCGA/	G/	GTCCGA/
scaffold_16	161425	frameshift_variant	HIGH	brr2_1	Ala806fs	CGG	CGG/	C/	C/	CGG/	CGG/	CGG/	C/
scaffold_16	161441	frameshift_variant	HIGH	brr2_1	Ile800fs	TG	TG/	T/	T/	TG/	TG/	TG/	T/
scaffold_16	161445	frameshift_variant	HIGH	brr2_1	Glu798fs	C	C/	CG/	CG/	C/	C/	C/	CG/
scaffold_16	161679	frameshift_variant	HIGH	brr2_1	Lys718fs	GTCGACCT	GTCGACCT/	G/	G/	GTCGACCT/	G/	GTCGACCT/	G/
scaffold_16	161688	frameshift_variant	HIGH	brr2_1	Lys718fs	G	G/	GC/	GC/	G/	GC/	G/	GC/
scaffold_16	161694	frameshift_variant	HIGH	brr2_1	Arg715fs	CCG	CCG/	C/	C/	CCG/	C/	CCG/	C/
scaffold_16	161697	frameshift_variant	HIGH	brr2_1	Arg715fs	T	T/	TTG/	TTG/	T/	TTG/	T/	TTG/
scaffold_16	162485	stop_gained	HIGH	brr2_1	Glu452*	C	C/	C/	A/	C/	C/	C/	A/
scaffold_16	395601	frameshift_variant	HIGH	OM447_004301	Leu36fs	A	AG/	AGGG/	AGG/	AGGG/	A/	AGG/	AGGG/
scaffold_19	152	frameshift_variant	HIGH	OM447_004678	Arg102fs	G	GCA/	GCA/	GCA/	GCA/	GCA/	A/	GCA/
scaffold_1	89773	splice_acceptor_variant&intron_variant	HIGH	OM447_000024	NA	C	C/	C/	C/	C/	CTGCG/	CTGCG/	C/
scaffold_1	132597	frameshift_variant	HIGH	OM447_000037	Gln532fs	AGT	AGT/	A/	AGT/	AGT/	AGT/	AGT/	A/
scaffold_1	132600	frameshift_variant	HIGH	OM447_000037	Gln532fs	T	T/	TGC/	T/	T/	T/	T/	TGC/
scaffold_1	474617	frameshift_variant	HIGH	OM447_000153	Val457fs	GT	G/	G/	G/	G/	G/	GT/	G/
scaffold_1	474623	splice_donor_variant&intron_variant	HIGH	OM447_000153	NA	G	GT/	GT/	GT/	GT/	GT/	G/	GT/
scaffold_1	474944	frameshift_variant	HIGH	OM447_000153	Leu490fs	C	C/	C/	C/	C/	C/	CACCATTCAATCCAACTCGAGGA/	C/
scaffold_1	474946	frameshift_variant&stop_gained	HIGH	OM447_000153	Glu491fs	G	G/	G/	G/	G/	G/	GAGTTGATGGCCTCC/	G/
scaffold_1	548461	stop_gained	HIGH	CDC39_1	Gln990*	C	C/	T/	T/	T/	T/	C/	T/
scaffold_1	548599	stop_gained	HIGH	CDC39_1	Glu1036*	G	G/	G/	G/	T/	T/	G/	G/
scaffold_1	548759	frameshift_variant	HIGH	CDC39_1	Pro1090fs	G	GA/	G/	G/	G/	GA/	G/	G/
scaffold_1	548762	frameshift_variant	HIGH	CDC39_1	Gly1092fs	C	CCCCCTCCCTT/	C/	CCCCCTCCCTT/	C/	CCCCCTCCCTT/	C/	C/
scaffold_1	548934	frameshift_variant	HIGH	CDC39_1	Leu1148fs	GC	GC/	G/	G/	G/	G/	GC/	GC/
scaffold_1	549893	frameshift_variant	HIGH	CDC39_1	Glu1414fs	CG	CG/	C/	CG/	C/	CG/	CG/	CG/
scaffold_1	549896	frameshift_variant	HIGH	CDC39_1	Gln1415fs	G	G/	GA/	G/	GA/	G/	G/	G/
scaffold_1	549931	frameshift_variant	HIGH	CDC39_1	Arg1427fs	T	T/	TCC/	T/	TCC/	T/	T/	T/
scaffold_1	551261	frameshift_variant	HIGH	CDC39_1	His1870fs	CCACCA	CCACCA/	CCACCA/	CCACCA/	CCACCA/	CCACCA/	CCACCA/	C/
scaffold_1	551267	frameshift_variant	HIGH	CDC39_1	Gly1872fs	C	C/	C/	C/	C/	C/	C/	CGT/
scaffold_1	551395	frameshift_variant	HIGH	CDC39_1	Gly1915fs	TGG	TGG/	T/	T/	TGG/	TGG/	TGG/	TGG/
scaffold_1	551399	frameshift_variant	HIGH	CDC39_1	Ser1916fs	C	C/	CT/	CT/	C/	C/	C/	C/
scaffold_1	552327	frameshift_variant	HIGH	CDC39_1	Ala2187fs	AG	AG/	A/	AG/	AG/	A/	A/	AG/
scaffold_1	552330	frameshift_variant	HIGH	CDC39_1	Ser2188fs	CT	C/	CT/	CT/	C/	CT/	CT/	C/
scaffold_1	553994	stop_gained	HIGH	CDC39_1	Gln2658*	C	C/	C/	T/	C/	C/	C/	C/
scaffold_1	554176	frameshift_variant	HIGH	CDC39_1	Ile2720fs	G	G/	G/	G/	GCT/	G/	G/	G/
scaffold_20	218886	frameshift_variant	HIGH	TIF34	Arg104fs	GC	G/	GC/	GC/	G/	GC/	G/	G/
scaffold_20	218892	frameshift_variant	HIGH	TIF34	Ala106fs	G	GT/	G/	G/	GT/	G/	GT/	GT/
scaffold_20	219387	frameshift_variant	HIGH	TIF34	Gln130fs	C	CT/	C/	CT/	CT/	CT/	CT/	CT/
scaffold_20	305033	frameshift_variant	HIGH	OM447_004941	His1342fs	G	G/	GGT/	GGT/	GGT/	GGT/	G/	G/
scaffold_20	305035	frameshift_variant	HIGH	OM447_004941	His1342fs	GCA	GCA/	G/	G/	G/	G/	GCA/	GCA/
scaffold_20	305767	frameshift_variant	HIGH	OM447_004941	Glu1129fs	T	T/	T/	T/	T/	T/	T/	TC/
scaffold_20	305769	frameshift_variant	HIGH	OM447_004941	Glu1129fs	C	CG/	C/	C/	CG/	CG/	C/	C/
scaffold_20	306288	frameshift_variant	HIGH	OM447_004941	Ser955fs	G	G/	GGC/	GGC/	G/	GGC/	GGC/	G/
scaffold_20	306289	frameshift_variant	HIGH	OM447_004941	Ser955fs	CTT	CTT/	CTT/	C/	CTT/	C/	C/	CTT/
scaffold_20	306732	frameshift_variant	HIGH	OM447_004941	Thr828fs	G	GCC/	G/	G/	G/	G/	G/	G/
scaffold_20	306735	frameshift_variant	HIGH	OM447_004941	Arg827fs	CGG	C/	CGG/	CGG/	CGG/	CGG/	CGG/	CGG/
scaffold_20	306769	frameshift_variant	HIGH	OM447_004941	Ala815fs	CTG	C/	CTG/	CTG/	CTG/	CTG/	CTG/	CTG/
scaffold_20	306774	frameshift_variant	HIGH	OM447_004941	Gln814fs	TG	T/	TG/	TG/	TG/	TG/	TG/	TG/
scaffold_20	306936	frameshift_variant	HIGH	OM447_004941	Arg760fs	CGG	C/	CGG/	CGG/	CGG/	C/	C/	CGG/
scaffold_20	306937	frameshift_variant	HIGH	OM447_004941	Val759fs	GGA	*/	G/	G/	G/	*/	*/	G/
scaffold_20	307055	frameshift_variant	HIGH	OM447_004941	Ile719fs	GCTTA	GCTTA/	G/	G/	GCTTA/	G/	GCTTA/	G/
scaffold_20	307060	frameshift_variant	HIGH	OM447_004941	Ile719fs	T	T/	TTGCG/	TTGCG/	TTGCG/	T/	T/	TTGCG/
scaffold_20	307465	frameshift_variant	HIGH	OM447_004941	Ala652fs	C	C/	C/	C/	C/	CT/	C/	C/
scaffold_20	307783	splice_donor_variant&intron_variant	HIGH	OM447_004941	NA	A	A/	G/	A/	A/	G/	A/	G/
scaffold_20	312042	frameshift_variant	HIGH	OM447_004942	Cys219fs	GC	GC/	GC/	GC/	G/	GC/	GC/	GC/
scaffold_20	312045	frameshift_variant	HIGH	OM447_004942	Gly220fs	G	G/	G/	G/	GT/	G/	G/	G/
scaffold_20	312046	stop_gained	HIGH	OM447_004942	Cys219*	C	C/	C/	C/	A/	A/	C/	C/
scaffold_22	39743	splice_donor_variant&intron_variant	HIGH	OM447_005163	NA	G	G/	A/	G/	G/	G/	G/	G/
scaffold_25	44188	frameshift_variant	HIGH	OM447_005624	Met170fs	CAACAT	CAACAT/	C/	C/	C/	C/	C/	C/
scaffold_25	44193	frameshift_variant	HIGH	OM447_005624	Met170fs	T	T/	TGGGGC/	TGGGGC/	TGGGGC/	TGGGGC/	TGGGGC/	TGGGGC/
scaffold_25	198448	frameshift_variant	HIGH	OM447_005680	Pro306fs	G	GGAGA/	GGAGA/	GGAGA/	GGAGA/	GGAGA/	G/	GGAGA/
scaffold_25	198449	frameshift_variant	HIGH	OM447_005680	Pro306fs	C	CCGACG/	CCGACG/	CCGACG/	CCGACG/	CCGACG/	C/	CCGACG/
scaffold_26	9187	frameshift_variant	HIGH	KRS1	Glu342fs	A	AC/	AC/	AC/	AC/	AC/	A/	AC/
scaffold_26	9202	frameshift_variant	HIGH	KRS1	Glu346fs	GGA	G/	G/	G/	G/	G/	GGA/	G/
scaffold_26	9308	frameshift_variant	HIGH	KRS1	Ser382fs	CG	C/	C/	C/	C/	CG/	C/	C/
scaffold_26	9326	frameshift_variant	HIGH	KRS1	Met387fs	AT	A/	A/	A/	A/	AT/	A/	A/
scaffold_27	237705	frameshift_variant	HIGH	OM447_005908	Ile21fs	ATC	ATC/	A/	ATC/	ATC/	A/	ATC/	ATC/
scaffold_27	238981	frameshift_variant&splice_region_variant	HIGH	OM447_005909	Glu159fs	T	TC/	*/	*/	TC/	TC/	*/	TC/
scaffold_28	182692	frameshift_variant	HIGH	OM447_005969	Ala128fs	G	G/	G/	GCGAAGTCAAGGAGCAGA/	G/	GCGAAGTCAAGGAGCAGA/	G/	G/
scaffold_28	182697	frameshift_variant	HIGH	OM447_005969	Phe129fs	T	T/	T/	TCG/	T/	TCG/	T/	T/
scaffold_28	182699	frameshift_variant&stop_gained	HIGH	OM447_005969	Ala130fs	C	C/	C/	CTAAG/	C/	CTAAG/	C/	C/
scaffold_28	182701	frameshift_variant	HIGH	OM447_005969	Ala131fs	C	C/	C/	CGCAACGTCGGCAGGGCAATGGAACAAGGTCACACGTACAA/	C/	CGCAACGTCGGCAGGGCAATGGAACAAGGTCACACGTACAA/	C/	C/
scaffold_28	183050	frameshift_variant	HIGH	OM447_005969	Leu247fs	GC	GC/	GC/	GC/	GC/	GC/	G/	GC/
scaffold_28	183053	frameshift_variant	HIGH	OM447_005969	Val248fs	CGT	CGT/	CGT/	CGT/	CGT/	CGT/	C/	CGT/
scaffold_28	183059	frameshift_variant	HIGH	OM447_005969	Glu250fs	CGAGAA	CGAGAA/	CGAGAA/	CGAGAA/	CGAGAA/	CGAGAA/	C/	CGAGAA/
scaffold_28	183066	frameshift_variant	HIGH	OM447_005969	Ser252fs	T	T/	T/	T/	T/	T/	TTG/	T/
scaffold_28	200510	frameshift_variant	HIGH	OM447_005974	Glu337fs	TC	T/	T/	T/	T/	T/	TC/	T/
scaffold_28	200514	frameshift_variant	HIGH	OM447_005974	Ala336fs	CG	C/	C/	C/	C/	C/	CG/	C/
scaffold_30	29793	frameshift_variant	HIGH	OM447_006046	Ser10fs	CG	CG/	CG/	CG/	CG/	CG/	C/	CG/
scaffold_36	55358	frameshift_variant	HIGH	PEX14	Cys51fs	CAG	C/	CAG/	CAG/	CAG/	C/	C/	C/
scaffold_36	55372	frameshift_variant	HIGH	PEX14	Arg47fs	G	GT/	G/	G/	G/	GT/	GT/	GT/
scaffold_36	55446	frameshift_variant	HIGH	PEX14	Pro22fs	G	GC/	GC/	GC/	GC/	GC/	G/	GC/
scaffold_36	55456	frameshift_variant	HIGH	PEX14	Pro19fs	C	CG/	CG/	CG/	CG/	CG/	C/	CG/
scaffold_36	55465	frameshift_variant	HIGH	PEX14	Val16fs	C	CG/	CG/	CG/	CG/	CG/	C/	CG/
scaffold_3	443473	frameshift_variant&stop_lost&splice_region_variant	HIGH	OM447_001230	Ter112fs	TA	TA/	T/	T/	T/	T/	TA/	T/
scaffold_3	443492	frameshift_variant	HIGH	OM447_001230	Ser106fs	T	T/	TC/	TC/	TC/	TC/	T/	TC/
scaffold_3	443506	frameshift_variant	HIGH	OM447_001230	Ala101fs	G	G/	GC/	GC/	GC/	GC/	G/	GC/
scaffold_3	443517	frameshift_variant	HIGH	OM447_001230	Leu98fs	C	C/	CT/	CT/	CT/	CT/	CT/	CT/
scaffold_3	879731	start_lost&conservative_inframe_deletion	HIGH	sap62_2	Met1_Gly2del	CGAGGCGAAGGATGGGA	C/	C/	C/	C/	CGAGGCGAAGGATGGGA/	CGAGGCGAAGGATGGGA/	C/
scaffold_3	879749	frameshift_variant	HIGH	sap62_2	Arg4fs	A	AT/	AT/	AT/	AT/	./	A/	AT/
scaffold_3	879756	frameshift_variant	HIGH	sap62_2	Ser6fs	CAGCACAGG	C/	C/	C/	C/	./	CAGCACAGG/	C/
scaffold_3	1089108	frameshift_variant	HIGH	OM447_001440	Arg6fs	C	CTT/	CTT/	CTT/	CTT/	CTT/	C/	CTT/
scaffold_3	1089109	frameshift_variant	HIGH	OM447_001440	Leu5fs	GCA	G/	G/	G/	G/	G/	GCA/	G/
scaffold_41	20668	stop_lost&splice_region_variant	HIGH	wis1	Ter662Tyrext*?	T	T/	T/	T/	T/	T/	T/	G/
scaffold_43	2342	frameshift_variant	HIGH	OM447_006402	Gly56fs	GC	G/	G/	G/	G/	G/	GC/	G/
scaffold_43	2343	frameshift_variant	HIGH	OM447_006402	Gly56fs	CG	*/	*/	*/	*/	*/	C/	*/
scaffold_47	14352	frameshift_variant	HIGH	BCK1_2	Leu943fs	TC	T/	T/	TC/	T/	T/	T/	TC/
scaffold_4	117253	stop_gained	HIGH	ARC18	Glu180*	C	A/	A/	A/	A/	A/	C/	A/
scaffold_4	489096	start_lost	HIGH	OM447_001635	Met1?	G	A/	A/	A/	A/	A/	A/	G/
scaffold_58	730	frameshift_variant	HIGH	OM447_006439	Arg40fs	AT	A/	AT/	A/	A/	AT/	A/	A/
scaffold_5	79468	frameshift_variant	HIGH	OM447_001831	Thr284fs	C	CT/	CT/	CT/	CT/	CT/	C/	CT/
scaffold_5	79470	frameshift_variant	HIGH	OM447_001831	Leu283fs	T	TC/	TC/	TC/	TC/	TC/	T/	TC/
scaffold_5	79472	frameshift_variant	HIGH	OM447_001831	Thr284fs	GAC	G/	G/	G/	G/	G/	GAC/	G/
scaffold_5	680880	frameshift_variant	HIGH	OM447_002021	Asp239fs	C	C/	CAT/	C/	CAT/	C/	C/	C/
scaffold_5	682571	frameshift_variant	HIGH	GYP7	Phe812fs	TTGATCGTGTCGTCG	TTGATCGTGTCGTCG/	TTGATCGTGTCGTCG/	TTGATCGTGTCGTCG/	T/	T/	TTGATCGTGTCGTCG/	TTGATCGTGTCGTCG/
scaffold_5	682793	stop_gained	HIGH	GYP7	Gln762*	G	G/	A/	A/	G/	G/	G/	A/
scaffold_5	682978	frameshift_variant	HIGH	GYP7	Ser700fs	GA	GA/	G/	GA/	GA/	GA/	GA/	G/
scaffold_5	682981	frameshift_variant	HIGH	GYP7	Val699fs	A	A/	AG/	A/	A/	A/	A/	AG/
scaffold_5	684542	frameshift_variant	HIGH	GYP7	Lys234fs	TG	T/	TG/	T/	T/	TG/	T/	T/
scaffold_5	832895	frameshift_variant	HIGH	OM447_002074	Leu169fs	CT	CT/	C/	CT/	C/	CT/	CT/	CT/
scaffold_6	138484	frameshift_variant	HIGH	OM447_002130	Ala527fs	G	GAA/	G/	G/	G/	G/	G/	G/
scaffold_6	559700	frameshift_variant	HIGH	OM447_002283	Ala776fs	GCCGC	G/	GCCGC/	GCCGC/	G/	GCCGC/	G/	GCCGC/
scaffold_6	559706	frameshift_variant	HIGH	OM447_002283	Ala777fs	G	GT/	G/	G/	GT/	G/	GT/	G/
scaffold_6	643862	splice_donor_variant&intron_variant	HIGH	PDE2_1	NA	C	C/	C/	C/	C/	C/	T/	C/
scaffold_8	2676	frameshift_variant	HIGH	OM447_002589	Gln30fs	CAGG	C/	CG/	CG/	CG/	C/	C/	C/
scaffold_8	133908	frameshift_variant	HIGH	OM447_002629	Gln4fs	G	G/	G/	G/	G/	G/	GC/	G/
scaffold_8	282492	frameshift_variant	HIGH	ACS2	Gly661fs	G	GA/	GA/	G/	GA/	GA/	GA/	G/
scaffold_8	425106	frameshift_variant	HIGH	OM447_002731	Pro88fs	A	AG/	A/	A/	AG/	AG/	AG/	AG/
scaffold_8	425108	frameshift_variant	HIGH	OM447_002731	Pro88fs	C	CTCGGCGGCTGCCCGACCTCGACAACGACCACCTCCGAGCGGACCACCTCCGAGCAACGCACTGCAAGTCCGACGGTCACACCGACAACGGAACTGCCATGCATTCCGGGCTTGCCGGTCAGG/	C/	C/	CTCGGCGGCTGCCCGACCTCGACAACGACCACCTCCGAGCGGACCACCTCCGAGCAACGCACTGCAAGTCCGACGGTCACACCGACAACGGAACTGCCATGCATTCCGGGCTTGCCGGTCAGG/	CTCGGCGGCTGCCCGACCTCGACAACGACCACCTCCGAGCGGACCACCTCCGAGCAACGCACTGCAAGTCCGACGGTCACACCGACAACGGAACTGCCATGCATTCCGGGCTTGCCGGTCAGG/	CTCGGCGGCTGCCCGACCTCGACAACGACCACCTCCGAGCGGACCACCTCCGAGCAACGCACTGCAAGTCCGACGGTCACACCGACAACGGAACTGCCATGCATTCCGGGCTTGCCGGTCAGG/	CTCGGCGGCTGCCCGACCTCGACAACGACCACCTCCGAGCGGACCACCTCCGAGCAACGCACTGCAAGTCCGACGGTCACACCGACAACGGAACTGCCATGCATTCCGGGCTTGCCGGTCAGG/
scaffold_8	509217	frameshift_variant	HIGH	OM447_002759	Pro239fs	G	G/	GTCCC/	G/	G/	G/	G/	G/
scaffold_8	509218	frameshift_variant	HIGH	OM447_002759	Pro239fs	G	G/	GAC/	G/	G/	G/	G/	G/
